加盟商ID,加盟商名称,加盟商类型,签约省份,合作状态,信用等级,入网日期,月份,经营门店数,月总营收,月总堂食营收,月总外卖营收,月总订单数,月总毛利,月总店面贡献利润,月总单店净利润,平均贡献利润率,平均堂食占比,亏损门店数,盈利门店数,门均营收,门均贡献利润,亏损率,经营健康等级,续约风险
F0069,加盟商0069,个体投资人,江苏,正常合作,A,2021-11-28,2026-05,4,92328.41999999998,59184.71,33143.71,977,47640.76999999999,12671.98999999999,8235.499999999995,0.150208266726393,0.652440168184529,0,4,23082.104999999996,3167.9974999999977,0.0,健康,低
F0112,加盟商0112,个体投资人,浙江,正常合作,C,2024-08-14,2026-04,4,158447.22999999995,106992.02999999997,51455.200000000004,1801,82974.32999999996,26955.239999999954,20005.489999999947,0.190628841133993,0.668246280229789,0,4,39611.80749999999,6738.809999999989,0.0,健康,低
F0072,加盟商0072,个体投资人,山东,正常合作,B,2022-11-27,2026-02,4,42866.6,25413.36,17453.239999999998,511,21731.67,4067.2,2089.709999999999,0.102658307961893,0.53850567489432,1,3,10716.65,1016.8,0.25,关注,低
F0056,加盟商0056,个体投资人,陕西,正常合作,B,2025-06-18,2026-04,4,135231.5,79429.76999999999,55801.729999999996,1553,70182.21,15102.190000000013,8790.219999999994,0.144674401197827,0.539788086586739,1,3,33807.875,3775.5475000000033,0.25,健康,低
F0007,加盟商0007,餐饮集团子公司,北京,正常合作,A,2022-08-10,2026-02,4,34818.45,24649.11,10169.34,450,18863.53,4172.989999999998,2684.3499999999985,0.134724524481141,0.71301234856628,0,4,8704.6125,1043.2474999999995,0.0,健康,低
F0087,加盟商0087,个体投资人,陕西,正常合作,D,2022-03-30,2026-04,4,148770.73,86600.14000000001,62170.590000000004,1665,75332.69000000002,26533.400000000016,19760.62000000001,0.189164325706161,0.538312594032521,0,4,37192.6825,6633.350000000004,0.0,健康,低
F0003,加盟商0003,个体投资人,四川,正常合作,B,2021-08-09,2026-04,4,116052.35999999999,83620.38999999998,32431.969999999994,1254,63927.72999999998,24702.219999999983,19725.359999999986,0.207455066310144,0.722561725490854,0,4,29013.089999999997,6175.554999999996,0.0,标杆,低
F0137,加盟商0137,餐饮集团子公司,江苏,正常合作,A,2025-07-29,2026-03,3,54167.560000000005,34626.520000000004,19541.04,719,28805.940000000006,15977.130000000005,13646.690000000004,0.293395054719708,0.64107776879908,0,3,18055.853333333336,5325.710000000002,0.0,标杆,低
F0095,加盟商0095,区域代理,上海,正常合作,A,2021-05-05,2026-05,4,106785.65000000001,67063.7,39721.950000000004,1255,55392.91,26010.95,21106.110000000004,0.248262087766025,0.626650968509389,0,4,26696.412500000002,6502.7375,0.0,标杆,低
F0062,加盟商0062,区域代理,重庆,续约预警,C,2023-08-05,2026-04,4,81722.28000000001,49691.2,32031.079999999998,1017,40662.91000000002,23805.740000000016,20191.34000000001,0.280538775809184,0.555840432789601,0,4,20430.570000000003,5951.435000000004,0.0,标杆,高
F0091,加盟商0091,个体投资人,湖北,正常合作,A,2023-08-31,2026-02,4,42482.96,30855.52,11627.439999999999,465,23512.7,5785.200000000003,3985.290000000001,0.168409742651396,0.766948018769043,0,4,10620.74,1446.3000000000006,0.0,健康,低
F0040,加盟商0040,区域代理,重庆,正常合作,C,2023-10-20,2026-05,4,71354.76,36241.990000000005,35112.770000000004,855,34463.25,16812.74,13510.710000000001,0.225793321030195,0.48269158526689,0,4,17838.69,4203.185,0.0,标杆,低
F0026,加盟商0026,个体投资人,重庆,正常合作,B,2023-11-30,2026-03,4,123657.51,69139.02,54518.48999999999,1507,60603.61,8808.719999999992,3656.149999999998,0.073406227116612,0.550979479537744,1,3,30914.3775,2202.179999999998,0.25,关注,中
F0018,加盟商0018,个体投资人,陕西,关注名单,A,2024-01-28,2026-04,4,144130.53999999998,106134.23,37996.31,1416,76549.41999999998,22806.169999999976,16410.319999999978,0.151143308645841,0.733370877604747,1,3,36032.634999999995,5701.542499999994,0.25,健康,中
F0053,加盟商0053,个体投资人,上海,正常合作,C,2023-11-22,2026-02,4,33820.340000000004,17167.75,16652.59,381,17002.13,9001.280000000002,7475.220000000003,0.283032035589038,0.530902567758652,0,4,8455.085000000001,2250.3200000000006,0.0,标杆,低
F0061,加盟商0061,个体投资人,湖北,正常合作,B,2023-01-14,2026-03,4,118012.72,74277.49999999999,43735.219999999994,1356,62073.98999999999,28491.259999999995,23487.32999999999,0.252011777507062,0.621926369905155,0,4,29503.18,7122.814999999999,0.0,标杆,低
F0131,加盟商0131,个体投资人,四川,续约预警,B,2023-08-16,2026-05,4,81902.09999999999,53657.26000000001,28244.840000000004,976,45439.97,19628.849999999995,15685.130000000001,0.23684487826504,0.633996059853697,0,4,20475.524999999998,4907.212499999999,0.0,标杆,高
F0002,加盟商0002,区域代理,四川,正常合作,B,2025-03-19,2026-05,5,140339.98,81184.63,59155.350000000006,1552,70963.98999999999,26387.339999999993,20263.389999999992,0.190346217688626,0.54096576712697,0,5,28067.996000000003,5277.467999999999,0.0,健康,低
F0087,加盟商0087,个体投资人,陕西,正常合作,D,2022-03-30,2026-05,4,99679.51000000002,59320.220000000016,40359.28999999999,1114,52869.04000000003,20101.320000000025,15726.240000000029,0.207123445548368,0.553064718161419,0,4,24919.877500000006,5025.330000000006,0.0,标杆,低
F0014,加盟商0014,个体投资人,重庆,正常合作,C,2024-03-21,2026-02,4,34650.15,24003.31,10646.84,428,17944.0,10148.98,8599.2,0.275761231574925,0.678504276379626,0,4,8662.5375,2537.245,0.0,标杆,低
F0125,加盟商0125,区域代理,江苏,正常合作,B,2022-03-25,2026-02,4,21837.839999999997,14557.79,7280.05,313,11609.789999999999,5569.969999999999,4737.719999999998,0.248450650771951,0.556909641139445,0,4,5459.459999999999,1392.4924999999998,0.0,标杆,低
F0046,加盟商0046,个体投资人,广东,正常合作,B,2021-10-25,2026-03,4,108634.03,63973.649999999994,44660.38,1226,57820.96000000002,30389.420000000013,25120.020000000015,0.271763959144194,0.539014769540254,0,4,27158.5075,7597.355000000003,0.0,标杆,低
F0030,加盟商0030,区域代理,重庆,正常合作,A,2025-03-06,2026-03,4,101949.46999999999,50730.53999999999,51218.92999999999,1111,47757.42,19654.02999999999,14799.809999999998,0.196100926020352,0.435698868455553,0,4,25487.367499999997,4913.507499999998,0.0,健康,低
F0040,加盟商0040,区域代理,重庆,正常合作,C,2023-10-20,2026-03,4,130259.07,75502.98,54756.09,1337,70258.51,38624.490000000005,32532.08000000001,0.278066318135088,0.540815916477572,0,4,32564.7675,9656.122500000001,0.0,标杆,低
F0009,加盟商0009,个体投资人,陕西,正常合作,C,2023-07-20,2026-05,4,99079.68,58073.19,41006.490000000005,1003,50835.74999999999,17805.269999999997,13504.089999999993,0.185889565799621,0.551190596536486,0,4,24769.92,4451.317499999999,0.0,健康,低
F0005,加盟商0005,个体投资人,浙江,正常合作,C,2021-06-09,2026-05,4,90739.26000000002,64198.75,26540.510000000002,1051,48928.62000000003,13100.730000000034,8893.700000000033,0.147386025509818,0.704722883741164,0,4,22684.815000000006,3275.1825000000085,0.0,健康,低
F0105,加盟商0105,个体投资人,陕西,正常合作,B,2025-06-10,2026-05,4,50444.72999999999,29618.979999999996,20825.75,612,26066.179999999986,6753.199999999988,4403.3099999999895,0.148648811970411,0.5609764378009,0,4,12611.182499999997,1688.299999999997,0.0,健康,低
F0127,加盟商0127,区域代理,湖北,续约预警,B,2024-02-10,2026-05,4,65597.06999999999,43485.93,22111.140000000007,715,34419.76999999999,12366.879999999997,9349.029999999993,0.182754156716127,0.571896276692241,0,4,16399.267499999998,3091.7199999999993,0.0,健康,高
F0077,加盟商0077,个体投资人,重庆,关注名单,A,2023-03-24,2026-05,4,81623.23000000001,43396.25,38226.979999999996,942,40424.06,9819.690000000004,5938.980000000005,0.162042717568314,0.516810366955805,1,3,20405.807500000003,2454.922500000001,0.25,健康,中
F0066,加盟商0066,区域代理,广东,正常合作,A,2025-06-14,2026-04,4,113866.93999999997,78290.41999999998,35576.520000000004,1283,59891.19999999997,21357.159999999967,16135.639999999967,0.196308549589504,0.679527486844459,0,4,28466.734999999993,5339.289999999992,0.0,健康,低
F0034,加盟商0034,餐饮集团子公司,重庆,正常合作,B,2025-05-19,2026-05,4,71433.2,33925.27999999999,37507.92,817,34230.23999999999,13258.589999999993,10034.14999999999,0.189755017697743,0.507774906046009,0,4,17858.3,3314.647499999998,0.0,健康,低
F0019,加盟商0019,区域代理,陕西,纠纷处理,A,2024-06-16,2026-02,4,54350.259999999995,32113.440000000002,22236.82,606,27334.890000000003,6757.580000000003,4381.200000000005,0.132044693717971,0.52958584847272,1,3,13587.564999999999,1689.3950000000007,0.25,健康,高
F0125,加盟商0125,区域代理,江苏,正常合作,B,2022-03-25,2026-05,4,58409.24,31740.090000000004,26669.149999999998,751,28946.800000000003,13526.650000000001,10909.830000000002,0.239730579445298,0.512289602830214,0,4,14602.31,3381.6625000000004,0.0,标杆,低
F0044,加盟商0044,区域代理,浙江,正常合作,D,2022-10-16,2026-04,4,117775.29000000001,59851.53,57923.75999999999,1371,59146.57999999999,24132.239999999983,18756.539999999994,0.216804393259978,0.54538279558524,0,4,29443.822500000002,6033.059999999996,0.0,标杆,低
F0042,加盟商0042,投资公司,浙江,正常合作,C,2022-05-24,2026-03,4,137995.47000000003,82599.29999999999,55396.16999999999,1483,71758.99000000002,19091.770000000033,12800.270000000026,0.189780667864568,0.537504084799781,0,4,34498.86750000001,4772.942500000008,0.0,健康,低
F0115,加盟商0115,个体投资人,四川,续约预警,C,2024-03-10,2026-04,4,86403.81,61045.09,25358.72,937,45702.57000000001,17729.800000000007,13781.11,0.226923332971622,0.690217135074841,0,4,21600.9525,4432.450000000002,0.0,标杆,高
F0106,加盟商0106,区域代理,北京,正常合作,A,2023-04-15,2026-03,3,72741.04000000001,43906.3,28834.739999999998,824,37063.85000000001,11284.950000000012,7733.130000000016,0.1633717719326,0.563560880566874,0,3,24247.013333333336,3761.6500000000037,0.0,健康,低
F0016,加盟商0016,个体投资人,四川,正常合作,C,2023-04-20,2026-03,4,137378.78999999995,87557.10999999999,49821.67999999999,1572,72079.38999999996,18050.99999999995,11888.839999999955,0.138879879532342,0.569684373252628,0,4,34344.69749999999,4512.749999999987,0.0,健康,低
F0005,加盟商0005,个体投资人,浙江,正常合作,C,2021-06-09,2026-04,4,136333.91,97781.50000000001,38552.41,1544,71768.08,19697.139999999996,13442.189999999991,0.145978307540451,0.716904584838008,0,4,34083.4775,4924.284999999999,0.0,健康,低
F0006,加盟商0006,个体投资人,北京,正常合作,B,2024-12-18,2026-05,4,62337.77999999999,24236.04,38101.740000000005,726,27906.869999999995,14682.789999999994,11979.009999999995,0.234592259227751,0.358200219906439,0,4,15584.444999999998,3670.6974999999984,0.0,标杆,低
F0076,加盟商0076,投资公司,湖北,正常合作,B,2023-04-04,2026-02,4,52295.95,32978.22,19317.73,546,27398.78,5655.280000000002,3360.0299999999997,0.119896634287277,0.615890512703323,1,3,13073.9875,1413.8200000000004,0.25,关注,低
F0032,加盟商0032,区域代理,广东,续约预警,C,2022-03-30,2026-03,4,118634.62000000002,78458.95000000001,40175.67,1308,62853.260000000024,27874.20000000002,22246.580000000024,0.25249420532038,0.634110270013779,0,4,29658.655000000006,6968.550000000005,0.0,标杆,高
F0067,加盟商0067,个体投资人,江苏,正常合作,B,2023-06-16,2026-02,4,37785.020000000004,18692.46,19092.559999999998,436,17769.39,5880.580000000003,4231.000000000003,0.158682118669608,0.405811225399216,0,4,9446.255000000001,1470.1450000000007,0.0,健康,低
F0065,加盟商0065,个体投资人,山东,正常合作,B,2022-03-15,2026-05,4,90346.71,63682.25,26664.460000000003,950,47671.47,18395.780000000002,14463.66000000001,0.201429734090244,0.703517427774284,0,4,22586.6775,4598.945000000001,0.0,标杆,低
F0041,加盟商0041,餐饮集团子公司,山东,正常合作,B,2022-09-28,2026-05,4,76807.87,40731.46000000001,36076.41,820,38648.59000000001,17055.050000000007,13384.730000000003,0.23639177950504,0.559009655776965,0,4,19201.9675,4263.762500000002,0.0,标杆,低
F0095,加盟商0095,区域代理,上海,正常合作,A,2021-05-05,2026-03,4,174225.37999999995,122812.80999999997,51412.57,1933,97130.88999999993,42219.789999999935,34512.839999999924,0.245335061472806,0.697448500132878,0,4,43556.34499999999,10554.947499999984,0.0,标杆,低
F0109,加盟商0109,区域代理,四川,纠纷处理,C,2021-03-18,2026-04,4,87755.15000000002,62193.21,25561.940000000002,987,48721.23000000002,14496.740000000013,10414.86000000001,0.19162638254549,0.715191454350317,0,4,21938.787500000006,3624.185000000003,0.0,健康,高
F0077,加盟商0077,个体投资人,重庆,关注名单,A,2023-03-24,2026-04,4,122953.89000000001,69028.95999999998,53924.93000000001,1336,60644.76000000001,15691.000000000011,10287.10000000001,0.150775213674804,0.525906494929182,1,3,30738.472500000003,3922.7500000000027,0.25,健康,中
F0140,加盟商0140,个体投资人,江苏,续约预警,A,2024-02-05,2026-02,3,18210.55,10341.279999999999,7869.27,258,9376.669999999998,3227.009999999999,2386.459999999999,0.211073621773547,0.484409052829132,0,3,6070.183333333333,1075.6699999999996,0.0,标杆,高
F0049,加盟商0049,个体投资人,重庆,正常合作,B,2022-04-22,2026-03,4,132133.59000000003,81420.5,50713.09,1541,70560.19000000002,38273.37000000001,31964.04000000001,0.286973008036377,0.609252689179258,0,4,33033.39750000001,9568.342500000002,0.0,标杆,低
F0137,加盟商0137,餐饮集团子公司,江苏,正常合作,A,2025-07-29,2026-04,4,70085.54000000001,39958.23,30127.31000000001,812,35871.080000000016,18186.33000000001,14869.150000000016,0.256858323517379,0.5435355387131,0,4,17521.385000000002,4546.582500000002,0.0,标杆,低
F0003,加盟商0003,个体投资人,四川,正常合作,B,2021-08-09,2026-02,4,37056.6,26798.03,10258.57,440,20419.019999999997,7949.980000000001,6309.27,0.216340183968171,0.720488124657697,0,4,9264.15,1987.4950000000003,0.0,标杆,低
F0059,加盟商0059,个体投资人,四川,续约预警,A,2023-02-24,2026-04,4,130929.05999999997,78634.28,52294.78,1413,67906.23999999998,15057.84999999998,9503.96999999998,0.138314165970647,0.547245347554066,1,3,32732.264999999992,3764.462499999995,0.25,健康,高
F0010,加盟商0010,投资公司,广东,正常合作,B,2025-05-21,2026-03,4,128333.31999999999,83836.20999999999,44497.11,1565,67283.93,34238.48999999999,28497.82999999999,0.268188955682114,0.652191058502542,0,4,32083.329999999998,8559.622499999998,0.0,标杆,低
F0015,加盟商0015,个体投资人,浙江,续约预警,B,2024-02-11,2026-04,4,136226.02000000002,93753.51,42472.51000000001,1501,71758.99000000002,19702.930000000015,13681.62000000002,0.161391103462754,0.690181670538283,0,4,34056.505000000005,4925.732500000004,0.0,健康,高
F0072,加盟商0072,个体投资人,山东,正常合作,B,2022-11-27,2026-05,4,92542.47999999998,59593.57000000001,32948.909999999996,1047,49676.759999999995,9926.90999999999,5963.129999999996,0.12349650127351,0.605314410740574,2,2,23135.619999999995,2481.7274999999977,0.5,健康,低
F0050,加盟商0050,个体投资人,山东,正常合作,A,2024-12-01,2026-02,4,45739.60999999999,28020.079999999994,17719.53,510,23827.829999999994,9827.769999999997,7587.9699999999975,0.223375542910757,0.602362608730762,0,4,11434.902499999998,2456.942499999999,0.0,标杆,低
F0073,加盟商0073,个体投资人,陕西,正常合作,B,2023-12-02,2026-05,4,108081.65000000001,64463.66999999999,43617.98,1149,54618.51000000001,18007.510000000013,13070.140000000001,0.179947917511609,0.537123994713941,0,4,27020.412500000002,4501.877500000003,0.0,健康,低
F0046,加盟商0046,个体投资人,广东,正常合作,B,2021-10-25,2026-05,4,75212.96000000002,37213.94,37999.020000000004,806,36710.570000000014,19203.140000000014,15672.900000000009,0.23598210203803,0.455265469248012,0,4,18803.240000000005,4800.7850000000035,0.0,标杆,低
F0014,加盟商0014,个体投资人,重庆,正常合作,C,2024-03-21,2026-03,4,109014.98000000001,70220.29000000002,38794.69,1279,56739.14000000001,28972.28000000001,24324.570000000007,0.26532390000656,0.658747654422607,0,4,27253.745000000003,7243.070000000002,0.0,标杆,低
F0029,加盟商0029,个体投资人,江苏,正常合作,C,2023-11-21,2026-05,4,87336.20999999998,57445.14,29891.070000000003,1065,45402.779999999984,12618.26999999999,8595.739999999989,0.15069508341096,0.640049865741779,0,4,21834.052499999994,3154.5674999999974,0.0,健康,低
F0047,加盟商0047,区域代理,浙江,纠纷处理,B,2025-04-27,2026-05,4,89333.47,59411.42,29922.050000000003,900,47683.56999999999,19331.759999999995,15127.529999999992,0.244470447284734,0.650661085838532,0,4,22333.3675,4832.939999999999,0.0,标杆,高
F0117,加盟商0117,个体投资人,北京,正常合作,C,2023-12-17,2026-03,3,120916.06999999998,73173.57000000002,47742.5,1291,62412.51999999997,6074.95999999997,805.7699999999713,0.089209344308584,0.537407891938125,1,2,40305.35666666666,2024.9866666666567,0.333333333333333,关注,中
F0059,加盟商0059,个体投资人,四川,续约预警,A,2023-02-24,2026-02,4,41274.31,23942.71,17331.600000000002,455,21222.02,5552.800000000002,3701.4400000000005,0.165879078896089,0.567274259838891,1,3,10318.5775,1388.2000000000005,0.25,健康,高
F0119,加盟商0119,个体投资人,江苏,正常合作,A,2023-04-04,2026-03,3,82944.44000000002,55845.73,27098.710000000003,979,43304.26000000001,22878.240000000013,18882.000000000015,0.276723545767357,0.689823164105658,0,3,27648.14666666667,7626.0800000000045,0.0,标杆,低
F0033,加盟商0033,个体投资人,陕西,正常合作,B,2024-05-20,2026-03,4,114666.32000000002,79312.08,35354.24,1255,60066.13000000001,14699.410000000014,9252.720000000012,0.159995840534514,0.680465428799175,0,4,28666.580000000005,3674.8525000000036,0.0,健康,低
F0118,加盟商0118,个体投资人,山东,正常合作,B,2022-05-17,2026-02,3,28609.54,10910.59,17698.95,275,13821.02,7022.29,5759.960000000002,0.24860022523605,0.424323972092494,0,3,9536.513333333334,2340.7633333333333,0.0,标杆,低
F0111,加盟商0111,个体投资人,上海,正常合作,C,2024-08-05,2026-04,4,101492.46999999999,51525.23999999999,49967.23,1029,51312.57999999999,17863.62999999999,13660.689999999988,0.228099558104775,0.508275437123379,1,3,25373.117499999997,4465.9074999999975,0.25,健康,低
F0119,加盟商0119,个体投资人,江苏,正常合作,A,2023-04-04,2026-04,3,79959.37999999999,44733.51999999999,35225.86,924,39076.65999999999,20311.55999999999,16795.28,0.242711047681215,0.576610598428888,0,3,26653.126666666663,6770.519999999997,0.0,标杆,低
F0120,加盟商0120,餐饮集团子公司,北京,正常合作,B,2024-12-12,2026-03,4,102123.73,64821.69000000001,37302.04,1207,52732.64,22147.83999999999,17484.969999999994,0.211608851863565,0.632799705666631,1,3,25530.9325,5536.959999999997,0.25,健康,低
F0008,加盟商0008,区域代理,广东,关注名单,B,2022-04-08,2026-03,4,86844.67,23411.820000000003,63432.850000000006,983,36773.090000000004,19523.40000000001,15724.160000000003,0.2246251165087,0.259060275734539,0,4,21711.1675,4880.850000000002,0.0,标杆,中
F0079,加盟商0079,投资公司,浙江,正常合作,B,2024-02-01,2026-03,4,134817.83,81817.51,53000.31999999999,1400,71317.60999999999,30610.78999999998,24318.719999999987,0.197365801583594,0.568338860074684,1,3,33704.4575,7652.697499999995,0.25,健康,低
F0141,加盟商0141,个体投资人,广东,续约预警,A,2022-07-06,2026-04,3,108341.66999999998,69695.45999999999,38646.21,1126,57041.14999999999,32859.19999999998,28072.90999999999,0.300363754731418,0.649998239663912,0,3,36113.88999999999,10953.06666666666,0.0,标杆,高
F0108,加盟商0108,个体投资人,四川,正常合作,B,2023-03-27,2026-03,3,110606.87,72412.16,38194.71000000001,1297,60408.31,17764.28,12967.3,0.182838411074178,0.664865448531535,0,3,36868.956666666665,5921.426666666666,0.0,健康,低
F0035,加盟商0035,区域代理,上海,正常合作,D,2023-03-24,2026-03,4,97161.87,63790.88,33370.990000000005,1128,51306.600000000006,28964.590000000007,24365.950000000008,0.300156857763221,0.671826788013913,0,4,24290.4675,7241.147500000002,0.0,标杆,低
F0030,加盟商0030,区域代理,重庆,正常合作,A,2025-03-06,2026-05,4,59622.54999999999,26184.269999999993,33438.28,715,28632.499999999993,13112.829999999994,10381.749999999996,0.217892938919754,0.38184218451084,0,4,14905.637499999997,3278.2074999999986,0.0,标杆,低
F0110,加盟商0110,投资公司,北京,关注名单,B,2022-09-27,2026-03,3,120836.90999999999,69418.86,51418.05000000001,1328,61363.44999999998,35223.179999999986,29373.399999999983,0.293234727731227,0.57278862241956,0,3,40278.969999999994,11741.059999999996,0.0,标杆,中
F0009,加盟商0009,个体投资人,陕西,正常合作,C,2023-07-20,2026-02,4,49390.01,29084.710000000003,20305.3,521,25425.98,9000.899999999998,6567.690000000003,0.186259822897921,0.528728300450204,0,4,12347.5025,2250.2249999999995,0.0,健康,低
F0036,加盟商0036,个体投资人,北京,续约预警,C,2023-03-06,2026-04,4,156346.65999999997,104821.65999999999,51525.0,1660,85434.36,26887.019999999997,19622.50999999999,0.197725191911732,0.667495349511591,0,4,39086.66499999999,6721.754999999999,0.0,健康,高
F0004,加盟商0004,个体投资人,四川,正常合作,A,2021-10-21,2026-02,4,40125.46,18690.59,21434.87,470,19175.559999999994,8525.269999999995,6777.759999999999,0.2243073483787,0.501359717410228,0,4,10031.365,2131.3174999999987,0.0,标杆,低
F0081,加盟商0081,区域代理,四川,正常合作,C,2024-12-03,2026-04,4,146187.64,97338.33,48849.31,1636,78788.17000000001,23855.350000000017,17562.92000000001,0.190630457671789,0.575948731179918,0,4,36546.91,5963.837500000004,0.0,健康,低
F0104,加盟商0104,个体投资人,北京,正常合作,A,2021-05-22,2026-04,4,116549.57999999999,74430.59999999999,42118.98,1347,59205.71000000001,21962.909999999996,17161.91,0.196279918438938,0.567607741995048,0,4,29137.394999999997,5490.727499999999,0.0,健康,低
F0002,加盟商0002,区域代理,四川,正常合作,B,2025-03-19,2026-04,5,185418.03,115716.39000000001,69701.64,2089,100034.93999999999,36173.219999999994,27386.97000000001,0.198119319533206,0.55330436751345,0,5,37083.606,7234.643999999998,0.0,健康,低
F0103,加盟商0103,区域代理,四川,正常合作,D,2024-10-29,2026-03,3,120527.03,86349.29,34177.73999999999,1291,67066.89000000001,25733.9,20197.040000000008,0.226346124110252,0.718562949878882,0,3,40175.676666666666,8577.966666666667,0.0,标杆,低
F0118,加盟商0118,个体投资人,山东,正常合作,B,2022-05-17,2026-03,3,72396.12000000002,34706.19,37689.93000000001,876,32988.38000000002,16890.650000000016,13840.950000000019,0.230473328492216,0.515718049813532,0,3,24132.040000000008,5630.216666666672,0.0,标杆,低
F0098,加盟商0098,个体投资人,四川,正常合作,A,2023-08-21,2026-03,4,155470.42000000004,80220.12000000001,75250.30000000002,1716,72417.36000000004,27783.97000000005,20637.90000000005,0.180354006448802,0.493619847638295,0,4,38867.60500000001,6945.992500000012,0.0,健康,低
F0092,加盟商0092,区域代理,重庆,正常合作,D,2023-10-20,2026-03,4,157293.50999999995,107775.26,49518.25,1690,87171.39999999994,26522.93999999994,19388.589999999946,0.197057348496403,0.67334123826716,0,4,39323.37749999999,6630.734999999985,0.0,健康,低
F0102,加盟商0102,个体投资人,陕西,关注名单,A,2023-07-04,2026-05,4,86427.47,50951.12999999999,35476.34,925,45637.67999999999,21497.379999999997,17448.629999999994,0.253582471567583,0.547278294339558,0,4,21606.8675,5374.344999999999,0.0,标杆,中
F0074,加盟商0074,个体投资人,重庆,正常合作,D,2022-01-20,2026-04,4,97859.25,64060.350000000006,33798.90000000001,1091,50804.07,23041.959999999995,18599.719999999998,0.243265670650075,0.640992485254258,0,4,24464.8125,5760.489999999999,0.0,标杆,低
F0103,加盟商0103,区域代理,四川,正常合作,D,2024-10-29,2026-05,4,79540.17000000001,52345.37000000001,27194.800000000003,859,43815.66000000002,16557.53000000002,12711.450000000023,0.189764562034536,0.699777502785175,0,4,19885.042500000003,4139.382500000005,0.0,健康,低
F0043,加盟商0043,个体投资人,山东,续约预警,B,2025-05-11,2026-02,4,47140.03999999999,21569.439999999995,25570.600000000002,473,21230.72,6966.560000000001,4846.049999999998,0.161054031647411,0.41772570366948,0,4,11785.009999999998,1741.6400000000003,0.0,健康,高
F0105,加盟商0105,个体投资人,陕西,正常合作,B,2025-06-10,2026-02,3,27402.3,14137.349999999999,13264.949999999999,295,13761.89,2454.7099999999987,1210.179999999998,0.147051886363052,0.410209785509171,0,3,9134.1,818.2366666666662,0.0,健康,低
F0011,加盟商0011,餐饮集团子公司,上海,正常合作,B,2021-08-24,2026-05,4,72638.32999999999,48889.53999999999,23748.79,799,40096.219999999994,20971.109999999993,17425.499999999993,0.295503927887655,0.675236643962883,0,4,18159.582499999997,5242.777499999998,0.0,标杆,低
F0086,加盟商0086,投资公司,重庆,续约预警,A,2022-08-03,2026-02,4,47733.31,32842.240000000005,14891.07,512,25090.829999999998,6883.069999999998,4883.0499999999965,0.157091187794619,0.650469586836147,1,3,11933.3275,1720.7674999999995,0.25,健康,高
F0107,加盟商0107,个体投资人,上海,正常合作,B,2021-09-21,2026-05,4,68423.27,42476.93,25946.34,761,34314.32,11685.940000000002,8608.470000000003,0.200013285388762,0.531789331625337,0,4,17105.8175,2921.4850000000006,0.0,标杆,低
F0056,加盟商0056,个体投资人,陕西,正常合作,B,2025-06-18,2026-03,4,144470.13999999998,85197.81999999999,59272.32000000001,1630,74966.15,17191.929999999986,10313.129999999997,0.138158075378979,0.577450307915799,0,4,36117.534999999996,4297.982499999996,0.0,健康,低
F0069,加盟商0069,个体投资人,江苏,正常合作,A,2021-11-28,2026-03,4,144000.84000000003,92715.76000000001,51285.08,1535,76495.99000000003,16407.560000000027,10056.720000000027,0.152613725433809,0.6499047968522,0,4,36000.21000000001,4101.890000000007,0.0,健康,低
F0134,加盟商0134,个体投资人,四川,正常合作,D,2024-10-02,2026-02,3,16328.130000000001,5797.040000000001,10531.09,218,7462.02,3667.800000000001,2956.850000000002,0.223119621048841,0.328829318008779,0,3,5442.71,1222.6000000000004,0.0,标杆,低
F0032,加盟商0032,区域代理,广东,续约预警,C,2022-03-30,2026-05,4,75815.73999999999,49564.02,26251.72,851,41514.619999999995,17180.19,13855.259999999997,0.259164671145651,0.656724302059935,0,4,18953.934999999998,4295.0475,0.0,标杆,高
F0130,加盟商0130,个体投资人,四川,续约预警,B,2024-02-05,2026-02,3,22428.670000000002,11710.12,10718.55,277,11450.230000000003,5321.440000000002,4223.500000000005,0.242552944667002,0.497587809998422,0,3,7476.223333333334,1773.8133333333342,0.0,标杆,高
F0123,加盟商0123,区域代理,山东,正常合作,A,2024-01-22,2026-03,3,89200.50000000003,45925.66,43274.84,970,41204.47000000003,18136.30000000003,14001.800000000028,0.203491522154097,0.468546788993138,0,3,29733.50000000001,6045.4333333333425,0.0,标杆,低
F0009,加盟商0009,个体投资人,陕西,正常合作,C,2023-07-20,2026-03,4,130564.40000000002,76978.48999999999,53585.91,1552,69563.80000000002,27442.480000000014,21711.500000000015,0.211785082172084,0.547366268777252,0,4,32641.100000000006,6860.6200000000035,0.0,标杆,低
F0052,加盟商0052,区域代理,浙江,正常合作,B,2022-05-11,2026-03,4,131408.70999999996,70695.46,60713.25,1428,63814.68999999997,33620.71999999997,27261.29999999997,0.247930639974615,0.494868082792986,0,4,32852.17749999999,8405.179999999993,0.0,标杆,低
F0025,加盟商0025,投资公司,山东,正常合作,B,2023-09-04,2026-02,4,47371.3,26259.17,21112.13,516,23471.060000000005,10101.380000000006,8074.760000000005,0.214396544992767,0.519141545759347,0,4,11842.825,2525.3450000000016,0.0,标杆,低
F0007,加盟商0007,餐饮集团子公司,北京,正常合作,A,2022-08-10,2026-05,4,81984.93999999997,56794.03,25190.909999999996,867,46297.25999999998,11712.999999999976,8056.919999999975,0.148492239433494,0.695787019469362,0,4,20496.234999999993,2928.249999999994,0.0,健康,低
F0050,加盟商0050,个体投资人,山东,正常合作,A,2024-12-01,2026-03,4,129533.89000000001,80444.21000000002,49089.68000000001,1560,67701.11000000002,30091.240000000005,23785.430000000008,0.23845803066152,0.61856861214455,0,4,32383.472500000003,7522.810000000001,0.0,标杆,低
F0108,加盟商0108,个体投资人,四川,正常合作,B,2023-03-27,2026-02,3,44154.350000000006,26420.27,17734.08,448,21706.54,3362.0800000000013,1337.2000000000016,0.116358922965242,0.626422799097265,1,2,14718.116666666669,1120.6933333333338,0.333333333333333,关注,低
F0115,加盟商0115,个体投资人,四川,续约预警,C,2024-03-10,2026-03,3,74739.13,50806.48000000001,23932.649999999998,815,38594.44,13604.430000000002,9979.320000000005,0.193282532709167,0.64277856284317,0,3,24913.043333333335,4534.81,0.0,健康,高
F0107,加盟商0107,个体投资人,上海,正常合作,B,2021-09-21,2026-04,4,84139.77999999998,52336.14999999999,31803.63,1031,44022.999999999985,16306.329999999987,12048.579999999984,0.228960278483201,0.578270889159213,0,4,21034.944999999996,4076.582499999997,0.0,标杆,低
F0070,加盟商0070,个体投资人,上海,正常合作,A,2022-10-17,2026-03,4,107796.03,64240.01999999999,43556.01000000001,1335,57248.94999999999,26577.119999999988,21766.07,0.254070500915371,0.574692786671274,0,4,26949.0075,6644.279999999997,0.0,标杆,低
F0027,加盟商0027,个体投资人,北京,续约预警,C,2024-10-03,2026-03,4,84646.6,40216.16,44430.439999999995,890,41367.770000000004,13139.74000000001,9520.280000000013,0.184656869739629,0.397948589960829,0,4,21161.65,3284.9350000000027,0.0,健康,高
F0087,加盟商0087,个体投资人,陕西,正常合作,D,2022-03-30,2026-03,4,156588.21000000008,82851.25,73736.96000000002,1719,79543.30000000008,28407.67000000008,21402.68000000006,0.196032471649757,0.498117323673471,0,4,39147.05250000002,7101.91750000002,0.0,健康,低
F0104,加盟商0104,个体投资人,北京,正常合作,A,2021-05-22,2026-05,4,80041.94000000002,45612.02,34429.92,976,41361.900000000016,14478.630000000016,11080.190000000017,0.185601946851941,0.535553205332832,0,4,20010.485000000004,3619.657500000004,0.0,健康,低
F0020,加盟商0020,餐饮集团子公司,湖北,纠纷处理,A,2025-01-01,2026-04,4,116514.1,54422.270000000004,62091.83,1311,55082.90000000001,18619.02000000001,13156.85000000001,0.168712539811975,0.420230781223487,0,4,29128.525,4654.755000000003,0.0,健康,高
F0082,加盟商0082,个体投资人,山东,正常合作,B,2022-11-12,2026-03,4,120324.53,73712.11,46612.420000000006,1411,62716.97,26838.179999999993,21357.30999999999,0.230902895532337,0.613773476796849,0,4,30081.1325,6709.544999999998,0.0,标杆,低
F0039,加盟商0039,个体投资人,上海,正常合作,B,2024-09-20,2026-02,4,39660.88999999999,24297.18,15363.71,469,19802.399999999994,9812.429999999993,8110.299999999992,0.245674757185572,0.573388653016353,0,4,9915.222499999998,2453.1074999999983,0.0,标杆,低
F0030,加盟商0030,区域代理,重庆,正常合作,A,2025-03-06,2026-04,4,97371.42000000001,47146.67999999999,50224.74,1066,49892.06000000001,24313.29000000001,20160.810000000016,0.24517315948753,0.417502089925977,0,4,24342.855000000003,6078.322500000003,0.0,标杆,低
F0090,加盟商0090,个体投资人,广东,正常合作,B,2021-04-24,2026-04,4,128608.12,69333.89,59274.229999999996,1399,61947.38,29697.219999999994,24116.84,0.243849879631997,0.531338291671786,0,4,32152.03,7424.3049999999985,0.0,标杆,低
F0043,加盟商0043,个体投资人,山东,续约预警,B,2025-05-11,2026-04,4,112432.42,44788.94,67643.48000000001,1381,53929.96,23234.14,17805.210000000003,0.222155057470673,0.390803674733098,0,4,28108.105,5808.535,0.0,标杆,高
F0047,加盟商0047,区域代理,浙江,纠纷处理,B,2025-04-27,2026-04,4,112832.17000000001,80009.19999999998,32822.97,1335,59516.55000000002,23253.170000000013,18278.49,0.220540838932991,0.715876104796582,0,4,28208.042500000003,5813.292500000003,0.0,标杆,高
F0053,加盟商0053,个体投资人,上海,正常合作,C,2023-11-22,2026-03,4,110803.57,53829.32000000001,56974.25000000001,1206,54700.83000000001,25661.420000000006,20243.139999999996,0.241391279115084,0.468244293743392,0,4,27700.8925,6415.355000000001,0.0,标杆,低
F0098,加盟商0098,个体投资人,四川,正常合作,A,2023-08-21,2026-04,4,153815.28999999998,79595.49999999999,74219.79000000001,1624,77333.19999999995,31498.36999999996,24430.32999999996,0.200797591542239,0.525088357563544,0,4,38453.822499999995,7874.59249999999,0.0,标杆,低
F0126,加盟商0126,个体投资人,北京,正常合作,B,2022-03-05,2026-02,3,44104.04,30745.289999999994,13358.75,475,24985.600000000002,7092.170000000002,5103.830000000002,0.149884376053543,0.710146155508673,0,3,14701.346666666666,2364.0566666666673,0.0,健康,低
F0012,加盟商0012,个体投资人,江苏,正常合作,A,2024-01-19,2026-04,4,90912.28000000001,46030.86,44881.41999999999,979,43857.03000000001,18834.910000000018,14485.420000000016,0.220951733170642,0.504236463549732,0,4,22728.070000000003,4708.7275000000045,0.0,标杆,低
F0111,加盟商0111,个体投资人,上海,正常合作,C,2024-08-05,2026-05,4,63532.15999999999,36477.740000000005,27054.42,731,30834.299999999996,10654.509999999998,7806.709999999996,0.206603183389849,0.540666058077339,0,4,15883.039999999997,2663.6274999999996,0.0,标杆,低
F0099,加盟商0099,区域代理,山东,正常合作,B,2022-08-04,2026-05,4,87932.41,56394.46000000001,31537.950000000004,999,47851.63999999999,17803.619999999995,13862.139999999998,0.210075935307517,0.624853518608363,0,4,21983.1025,4450.904999999999,0.0,标杆,低
F0041,加盟商0041,餐饮集团子公司,山东,正常合作,B,2022-09-28,2026-03,4,116297.46000000002,58328.280000000006,57969.17999999999,1255,57187.880000000005,26954.540000000005,21615.37000000001,0.238971827997773,0.555145118390578,0,4,29074.365000000005,6738.635000000001,0.0,标杆,低
F0039,加盟商0039,个体投资人,上海,正常合作,B,2024-09-20,2026-05,4,89698.01000000001,52229.11999999999,37468.89,974,45423.130000000005,20220.719999999998,16008.05,0.240662351037568,0.551755196592888,0,4,22424.502500000002,5055.179999999999,0.0,标杆,低
F0083,加盟商0083,个体投资人,湖北,续约预警,B,2022-12-18,2026-02,4,36900.67999999999,11012.380000000001,25888.3,444,16133.130000000001,7287.32,5604.449999999996,0.203577554122655,0.28742814858238,0,4,9225.169999999998,1821.83,0.0,标杆,高
F0010,加盟商0010,投资公司,广东,正常合作,B,2025-05-21,2026-05,4,104255.38,61694.72000000001,42560.659999999996,988,53393.909999999996,28270.229999999996,23804.34,0.260407829823638,0.593210527509299,0,4,26063.845,7067.557499999999,0.0,标杆,低
F0116,加盟商0116,个体投资人,上海,正常合作,B,2025-01-03,2026-03,3,91342.73999999999,66267.09,25075.649999999998,984,51189.78,12287.250000000004,8070.490000000002,0.137221860651333,0.724430999514269,0,3,30447.579999999998,4095.7500000000014,0.0,健康,低
F0012,加盟商0012,个体投资人,江苏,正常合作,A,2024-01-19,2026-03,4,93296.44,51112.08999999999,42184.34999999999,1047,45108.16,17880.770000000008,13651.55000000001,0.21122999783668,0.540342284417017,0,4,23324.11,4470.192500000002,0.0,标杆,低
F0017,加盟商0017,个体投资人,江苏,正常合作,B,2025-06-19,2026-03,4,159410.75,104031.60999999999,55379.14,1816,83720.66,31022.100000000006,23675.850000000006,0.188113038225507,0.664377650626039,0,4,39852.6875,7755.5250000000015,0.0,健康,低
F0083,加盟商0083,个体投资人,湖北,续约预警,B,2022-12-18,2026-03,4,129675.59000000003,48804.51000000001,80871.08,1422,58526.18000000002,25276.830000000027,19454.42000000003,0.195202096588222,0.311574472697045,0,4,32418.897500000006,6319.207500000007,0.0,健康,高
F0096,加盟商0096,餐饮集团子公司,上海,正常合作,D,2025-01-27,2026-04,4,88219.49,41855.12,46364.369999999995,1045,41551.03,21886.940000000002,17720.450000000004,0.273624983143605,0.561689021244394,0,4,22054.8725,5471.735000000001,0.0,标杆,低
F0024,加盟商0024,区域代理,北京,正常合作,B,2022-02-10,2026-03,4,123448.41,84785.69000000002,38662.72,1254,63927.31,11578.210000000003,6056.030000000013,0.099861297298114,0.679664055800644,1,3,30862.1025,2894.5525000000007,0.25,关注,中
F0058,加盟商0058,个体投资人,上海,正常合作,B,2023-07-20,2026-05,4,87536.23,47331.56,40204.67,873,46969.880000000005,29016.449999999997,25198.62,0.310851317457655,0.463630632695557,0,4,21884.0575,7254.112499999999,0.0,标杆,低
F0067,加盟商0067,个体投资人,江苏,正常合作,B,2023-06-16,2026-03,4,115887.59999999998,63038.28000000001,52849.32,1300,55452.729999999996,20964.029999999995,15691.259999999993,0.183398569367938,0.461668521937013,0,4,28971.899999999994,5241.007499999999,0.0,健康,低
F0068,加盟商0068,区域代理,湖北,纠纷处理,A,2024-08-03,2026-03,4,92586.84999999999,54711.5,37875.35,1130,48217.25,14498.63999999999,10404.389999999992,0.158703291491222,0.583156513910264,0,4,23146.712499999998,3624.6599999999976,0.0,健康,高
F0036,加盟商0036,个体投资人,北京,续约预警,C,2023-03-06,2026-03,4,169535.84999999998,115306.37,54229.479999999996,1672,87872.82999999999,27671.109999999982,19890.019999999997,0.18508871049973,0.662478115554769,0,4,42383.962499999994,6917.777499999996,0.0,健康,高
F0112,加盟商0112,个体投资人,浙江,正常合作,C,2024-08-14,2026-02,3,33145.969999999994,25144.26,8001.710000000001,403,17672.339999999997,5046.249999999998,3584.989999999996,0.181975370794795,0.762320963487725,0,3,11048.656666666664,1682.0833333333328,0.0,健康,低
F0042,加盟商0042,投资公司,浙江,正常合作,C,2022-05-24,2026-05,4,83963.62,54518.31,29445.309999999998,984,44473.73999999999,10500.929999999993,6330.109999999994,0.173666561354492,0.562225812498603,0,4,20990.905,2625.2324999999983,0.0,健康,低
F0064,加盟商0064,区域代理,重庆,正常合作,B,2024-02-09,2026-05,4,97634.93,59232.450000000004,38402.479999999996,1094,49357.36,20839.449999999997,16506.189999999995,0.220570182664774,0.583693875099226,0,4,24408.7325,5209.862499999999,0.0,标杆,低
F0013,加盟商0013,个体投资人,重庆,正常合作,C,2022-08-29,2026-03,4,121841.16,56557.060000000005,65284.1,1427,61734.74,24549.29,19145.789999999994,0.210073323237314,0.400231198937543,0,4,30460.29,6137.3225,0.0,标杆,低
F0038,加盟商0038,个体投资人,重庆,正常合作,C,2023-06-08,2026-04,4,146709.86,73932.73999999999,72777.12,1453,72865.20999999999,36541.179999999986,29213.679999999975,0.250171640219196,0.510703617246922,0,4,36677.465,9135.294999999996,0.0,标杆,低
F0051,加盟商0051,个体投资人,上海,关注名单,C,2021-12-22,2026-05,4,57027.15,25460.27,31566.880000000005,593,28230.979999999996,14709.359999999997,11878.68,0.258021940789761,0.415430855298216,0,4,14256.7875,3677.3399999999992,0.0,标杆,中
F0009,加盟商0009,个体投资人,陕西,正常合作,C,2023-07-20,2026-04,4,134789.75000000003,77969.22,56820.53,1509,69706.27000000002,25131.610000000015,19261.400000000023,0.188643609884454,0.530314429017965,0,4,33697.43750000001,6282.902500000004,0.0,健康,低
F0109,加盟商0109,区域代理,四川,纠纷处理,C,2021-03-18,2026-03,3,82656.06999999998,60696.28,21959.79,862,44630.31999999997,13237.909999999973,9609.279999999979,0.2001123649372,0.720296557514731,0,3,27552.023333333327,4412.636666666657,0.0,标杆,高
F0084,加盟商0084,餐饮集团子公司,北京,正常合作,B,2024-11-18,2026-04,4,141767.22,93520.64,48246.579999999994,1556,72597.77999999998,28177.80999999999,21985.209999999985,0.213436909600762,0.648934591850788,0,4,35441.805,7044.452499999998,0.0,标杆,低
F0080,加盟商0080,个体投资人,湖北,正常合作,A,2024-09-10,2026-05,4,61291.45,28283.730000000003,33007.72,726,28622.879999999997,12747.689999999997,10030.39,0.218796315297238,0.479644697830569,0,4,15322.8625,3186.922499999999,0.0,标杆,低
F0093,加盟商0093,个体投资人,陕西,正常合作,B,2023-03-05,2026-03,4,107898.33000000005,56921.100000000006,50977.23,1220,52269.91000000004,21672.410000000044,16723.99000000005,0.225497579083411,0.492240875660679,0,4,26974.58250000001,5418.102500000011,0.0,标杆,低
F0052,加盟商0052,区域代理,浙江,正常合作,B,2022-05-11,2026-05,4,84476.46,40866.01999999999,43610.44,954,43270.43000000001,22951.360000000008,19204.790000000008,0.252983930040423,0.43462834242971,0,4,21119.115,5737.840000000002,0.0,标杆,低
F0063,加盟商0063,个体投资人,重庆,正常合作,A,2023-10-12,2026-02,4,39608.78,24009.08,15599.699999999997,408,20158.539999999997,8602.31,6717.789999999997,0.216282455938789,0.488513635005824,0,4,9902.195,2150.5775,0.0,标杆,低
F0139,加盟商0139,区域代理,重庆,续约预警,B,2025-08-02,2026-02,3,28403.589999999997,19871.959999999995,8531.630000000001,317,15765.789999999995,5443.319999999995,4292.149999999994,0.249811434278631,0.710234018016866,0,3,9467.863333333333,1814.4399999999985,0.0,标杆,高
F0044,加盟商0044,区域代理,浙江,正常合作,D,2022-10-16,2026-02,4,44258.72,21179.96,23078.760000000002,459,20580.070000000003,6403.260000000004,4450.890000000001,0.164511900929807,0.469181516729285,0,4,11064.68,1600.815000000001,0.0,健康,低
F0035,加盟商0035,区域代理,上海,正常合作,D,2023-03-24,2026-05,4,68496.85,41460.62999999999,27036.22,731,34041.67,19494.780000000002,16270.36,0.283290142851017,0.610119293335335,0,4,17124.2125,4873.695000000001,0.0,标杆,低
F0053,加盟商0053,个体投资人,上海,正常合作,C,2023-11-22,2026-05,4,67398.31999999999,33280.73,34117.59,768,32214.16999999999,15484.789999999994,12425.169999999993,0.247282449454141,0.484285207370537,0,4,16849.579999999998,3871.1974999999984,0.0,标杆,低
F0073,加盟商0073,个体投资人,陕西,正常合作,B,2023-12-02,2026-04,4,155093.27999999997,99678.69,55414.59,1660,83009.54999999997,33386.43999999996,26840.889999999956,0.233441165793508,0.560858082751111,0,4,38773.31999999999,8346.60999999999,0.0,标杆,低
F0111,加盟商0111,个体投资人,上海,正常合作,C,2024-08-05,2026-02,3,26760.81,14180.260000000002,12580.55,316,13594.23,4437.68,3286.0199999999986,0.174518885645414,0.505352612823564,0,3,8920.27,1479.2266666666667,0.0,健康,低
F0078,加盟商0078,区域代理,北京,正常合作,A,2024-07-19,2026-03,4,109494.47,70554.94,38939.53,1178,54612.93000000001,30165.26000000001,25565.390000000014,0.280299620588146,0.668085155320505,0,4,27373.6175,7541.315000000002,0.0,标杆,低
F0114,加盟商0114,区域代理,浙江,正常合作,B,2023-07-28,2026-05,4,99988.9,49127.850000000006,50861.05,1009,47894.45,14781.499999999996,10404.519999999988,0.166945487969478,0.429685766629681,0,4,24997.225,3695.374999999999,0.0,健康,低
F0061,加盟商0061,个体投资人,湖北,正常合作,B,2023-01-14,2026-04,4,129822.63999999997,84494.97,45327.67,1359,70337.68999999999,34811.03999999998,29001.14999999998,0.273960922639338,0.642915568402399,0,4,32455.659999999993,8702.759999999995,0.0,标杆,低
F0135,加盟商0135,区域代理,江苏,正常合作,B,2023-01-25,2026-05,4,72625.32999999999,44036.75,28588.579999999998,839,37070.78999999999,10505.779999999992,7238.7099999999955,0.149527210955496,0.616516188246135,0,4,18156.332499999997,2626.444999999998,0.0,健康,低
F0126,加盟商0126,个体投资人,北京,正常合作,B,2022-03-05,2026-03,3,127319.75000000003,92719.40000000002,34600.35,1409,67963.01000000001,12462.920000000018,7229.7300000000105,0.088770045901636,0.722961786839195,0,3,42439.91666666668,4154.306666666673,0.0,关注,中
F0044,加盟商0044,区域代理,浙江,正常合作,D,2022-10-16,2026-05,4,75297.62,44014.119999999995,31283.5,914,40079.08000000001,15248.990000000009,12099.70000000001,0.22376689537212,0.569170823367846,0,4,18824.405,3812.247500000002,0.0,标杆,低
F0114,加盟商0114,区域代理,浙江,正常合作,B,2023-07-28,2026-03,3,113531.47,56195.90999999999,57335.56,1306,55191.92000000002,15309.880000000017,10376.750000000015,0.157019730983748,0.475460388869172,0,3,37843.823333333334,5103.293333333339,0.0,健康,低
F0130,加盟商0130,个体投资人,四川,续约预警,B,2024-02-05,2026-05,4,72528.29999999999,41170.89,31357.409999999996,766,36804.46,16541.889999999996,13513.359999999999,0.249596288967863,0.548031047179088,0,4,18132.074999999997,4135.472499999999,0.0,标杆,高
F0008,加盟商0008,区域代理,广东,关注名单,B,2022-04-08,2026-02,4,21402.129999999997,6265.1,15137.029999999999,324,9099.559999999998,4894.119999999996,3971.059999999994,0.226835195710356,0.304149980500894,0,4,5350.532499999999,1223.529999999999,0.0,标杆,中
F0077,加盟商0077,个体投资人,重庆,关注名单,A,2023-03-24,2026-02,4,32460.22,19699.49,12760.730000000001,432,16865.979999999996,3830.99,2346.56,0.150357721282525,0.551998848497937,1,3,8115.055,957.7475,0.25,健康,中
F0106,加盟商0106,区域代理,北京,正常合作,A,2023-04-15,2026-04,4,86435.73,48672.049999999996,37763.67999999999,832,42953.16999999999,14099.539999999994,10456.96999999999,0.178132081588315,0.611726220941564,0,4,21608.9325,3524.8849999999984,0.0,健康,低
F0026,加盟商0026,个体投资人,重庆,正常合作,B,2023-11-30,2026-04,4,128598.47000000002,69670.46,58928.009999999995,1443,65704.83000000002,14765.420000000013,9276.860000000019,0.106003649278982,0.563892275090415,1,3,32149.617500000004,3691.355000000003,0.25,关注,低
F0091,加盟商0091,个体投资人,湖北,正常合作,A,2023-08-31,2026-03,4,125143.79000000001,82677.56000000001,42466.23,1389,67558.25,16860.35,11715.770000000002,0.139096183790027,0.671555223874885,0,4,31285.947500000002,4215.0875,0.0,健康,低
F0120,加盟商0120,餐饮集团子公司,北京,正常合作,B,2024-12-12,2026-05,4,71767.92000000001,44749.49,27018.430000000004,808,38099.98000000001,18047.34000000001,14958.840000000013,0.246307460477044,0.617656766249865,0,4,17941.980000000003,4511.835000000003,0.0,标杆,低
F0117,加盟商0117,个体投资人,北京,正常合作,C,2023-12-17,2026-04,4,120086.29,69478.28000000001,50608.009999999995,1266,58446.09,5484.259999999999,241.32999999999993,0.077091176688342,0.567344963169596,0,4,30021.5725,1371.0649999999998,0.0,关注,中
F0042,加盟商0042,投资公司,浙江,正常合作,C,2022-05-24,2026-02,4,45514.41999999999,29025.239999999998,16489.18,464,23679.36999999999,5511.619999999991,3484.259999999993,0.191909382597868,0.578128011455116,1,3,11378.604999999998,1377.9049999999977,0.25,健康,低
F0073,加盟商0073,个体投资人,陕西,正常合作,B,2023-12-02,2026-02,4,54826.1,32744.469999999994,22081.63,569,27874.909999999993,9474.369999999992,6967.689999999995,0.174942580649381,0.509599416112302,0,4,13706.525,2368.592499999998,0.0,健康,低
F0101,加盟商0101,区域代理,北京,正常合作,A,2022-09-28,2026-03,4,122780.37,52652.62,70127.75,1311,57747.84000000001,20358.450000000004,14603.67000000001,0.174771627936233,0.426128533003975,0,4,30695.0925,5089.612500000001,0.0,健康,低
F0090,加盟商0090,个体投资人,广东,正常合作,B,2021-04-24,2026-03,4,135677.19,71883.90000000001,63793.29000000001,1475,66891.37000000001,31401.16000000001,24837.880000000012,0.235703572447258,0.530433161316265,0,4,33919.2975,7850.290000000003,0.0,标杆,低
F0074,加盟商0074,个体投资人,重庆,正常合作,D,2022-01-20,2026-02,4,25832.94,16358.490000000003,9474.45,352,13475.920000000002,5858.160000000001,4789.500000000001,0.24157683767128,0.633527299828781,0,4,6458.235,1464.5400000000002,0.0,标杆,低
F0074,加盟商0074,个体投资人,重庆,正常合作,D,2022-01-20,2026-03,4,99397.09000000001,68628.31000000001,30768.780000000002,1103,50680.490000000005,19241.930000000004,14292.470000000005,0.214435245892953,0.666093439434709,0,4,24849.272500000003,4810.482500000001,0.0,标杆,低
F0094,加盟商0094,投资公司,陕西,正常合作,C,2022-06-08,2026-02,4,37486.619999999995,24202.02,13284.6,423,19543.809999999998,5077.539999999999,3387.0700000000006,0.15966867652347,0.586130010082832,0,4,9371.654999999999,1269.3849999999998,0.0,健康,低
F0038,加盟商0038,个体投资人,重庆,正常合作,C,2023-06-08,2026-03,4,129489.45999999999,67696.82999999999,61792.62999999999,1489,63316.119999999995,32720.319999999996,27186.359999999993,0.261190207476427,0.541788758286215,0,4,32372.364999999998,8180.079999999999,0.0,标杆,低
F0011,加盟商0011,餐饮集团子公司,上海,正常合作,B,2021-08-24,2026-03,4,104263.39000000001,65606.86000000002,38656.530000000006,1182,54406.580000000016,28856.720000000016,24449.45000000002,0.275007622843804,0.605337125716535,0,4,26065.847500000003,7214.180000000004,0.0,标杆,低
F0141,加盟商0141,个体投资人,广东,续约预警,A,2022-07-06,2026-02,3,37267.600000000006,22321.690000000002,14945.91,398,19122.120000000003,10734.210000000003,9086.95,0.278315089685693,0.612778967749411,0,3,12422.533333333335,3578.070000000001,0.0,标杆,高
F0103,加盟商0103,区域代理,四川,正常合作,D,2024-10-29,2026-02,3,40428.26,29862.230000000007,10566.03,425,22770.030000000006,8028.240000000004,6198.980000000007,0.209641229815031,0.731930515229807,0,3,13476.086666666668,2676.0800000000013,0.0,标杆,低
F0017,加盟商0017,个体投资人,江苏,正常合作,B,2025-06-19,2026-05,4,126377.64,85803.53000000001,40574.10999999999,1188,65992.51999999999,27132.239999999998,21756.499999999993,0.207086302211403,0.685310598550799,0,4,31594.41,6783.0599999999995,0.0,标杆,低
F0020,加盟商0020,餐饮集团子公司,湖北,纠纷处理,A,2025-01-01,2026-05,4,75677.62000000002,36832.11,38845.51,907,36083.68000000002,9883.590000000022,6369.310000000027,0.144827865169544,0.422350094570105,1,3,18919.405000000006,2470.8975000000055,0.25,健康,高
F0024,加盟商0024,区域代理,北京,正常合作,B,2022-02-10,2026-05,4,80107.64000000001,51506.44999999999,28601.190000000002,825,43752.34000000002,10005.430000000015,6577.880000000008,0.13769054256798,0.639397137269028,0,4,20026.910000000003,2501.3575000000037,0.0,健康,低
F0048,加盟商0048,个体投资人,浙江,正常合作,B,2024-01-19,2026-02,4,46433.28,29902.129999999997,16531.15,532,24596.559999999998,9350.119999999995,7166.339999999998,0.204858727286555,0.612298855961978,0,4,11608.32,2337.529999999999,0.0,标杆,低
F0108,加盟商0108,个体投资人,四川,正常合作,B,2023-03-27,2026-05,4,98791.41999999998,65641.25,33150.17,1020,53417.59999999999,12059.009999999987,7385.669999999989,0.151031947084315,0.641091849194534,0,4,24697.854999999996,3014.752499999997,0.0,健康,低
F0085,加盟商0085,个体投资人,江苏,正常合作,A,2024-06-19,2026-05,4,87241.6,61102.19000000001,26139.41,935,48287.19000000001,18166.040000000008,14510.480000000007,0.22606143127821,0.690502481527462,0,4,21810.4,4541.510000000002,0.0,标杆,低
F0096,加盟商0096,餐饮集团子公司,上海,正常合作,D,2025-01-27,2026-03,4,112632.78,49659.31999999999,62973.46000000002,1108,52938.10999999999,24469.73999999999,19391.859999999986,0.227287096610874,0.500899141840845,0,4,28158.195,6117.434999999998,0.0,标杆,低
F0121,加盟商0121,区域代理,江苏,正常合作,C,2021-10-27,2026-03,3,114788.23999999999,77870.3,36917.94,1380,58936.71,5866.539999999999,931.4200000000055,0.089612323840012,0.664543812319563,1,2,38262.746666666666,1955.513333333333,0.333333333333333,关注,中
F0006,加盟商0006,个体投资人,北京,正常合作,B,2024-12-18,2026-03,4,110312.56,41394.810000000005,68917.75,1220,53853.14000000001,30631.050000000007,25624.47000000001,0.267811793506415,0.361231036034606,0,4,27578.14,7657.762500000002,0.0,标杆,低
F0064,加盟商0064,区域代理,重庆,正常合作,B,2024-02-09,2026-03,4,141686.18,78581.89000000001,63104.29,1682,72359.28,28933.35,22486.969999999998,0.204781260766429,0.533504333625304,0,4,35421.545,7233.3375,0.0,标杆,低
F0121,加盟商0121,区域代理,江苏,正常合作,C,2021-10-27,2026-02,3,47926.840000000004,34892.520000000004,13034.32,480,27380.220000000005,3426.000000000004,1286.7200000000075,0.127227500870555,0.696070354310831,0,3,15975.613333333335,1142.0000000000014,0.0,健康,低
F0012,加盟商0012,个体投资人,江苏,正常合作,A,2024-01-19,2026-05,4,66822.53,34751.920000000006,32070.610000000004,673,31612.949999999993,12712.469999999994,9759.019999999995,0.203744751017894,0.495296796314454,0,4,16705.6325,3178.1174999999985,0.0,标杆,低
F0033,加盟商0033,个体投资人,陕西,正常合作,B,2024-05-20,2026-05,4,69385.96,48437.13999999999,20948.82,795,38858.530000000006,11885.700000000004,8587.460000000006,0.199858395448233,0.696029363943029,0,4,17346.49,2971.425000000001,0.0,健康,低
F0129,加盟商0129,区域代理,浙江,续约预警,C,2025-05-05,2026-03,3,115603.74000000002,80749.07000000004,34854.66999999999,1343,59211.91000000002,30179.64000000002,25476.84000000003,0.264596265178884,0.698456384830861,0,3,38534.58000000001,10059.880000000006,0.0,标杆,高
F0072,加盟商0072,个体投资人,山东,正常合作,B,2022-11-27,2026-04,4,129582.20999999999,79694.39999999998,49887.81,1537,65850.44999999998,13439.129999999986,7781.4499999999825,0.118303461642596,0.547944529087012,1,3,32395.552499999998,3359.7824999999966,0.25,关注,低
